wscp-cnhagiang-gskd,anhdd1
wscp-cnhagiang-gskd,tuantt2
wscp-cnhagiang-gskd,nhungnth5
wscp-cnlaocai-gskd,tannv2
wscp-cncaobang-gskd,thuonghv1
wscp-cncaobang-gskd,minhdt5
wscp-cnlaichau-gskd,thanhnh2
wscp-cnbackan-gskd,nguyenpb
wscp-cnlangson-gskd,linhht5
wscp-cnthainguyen-gskd,hoaiht2
wscp-cndienbien-gskd,kiennt3
wscp-cnsonla-gskd,hieuht4
wscp-cnhoabinh-gskd,longpt1
wscp-cnbavi-gskd,manhdv1
wscp-cndonganh-gskd,tamdtt2
wscp-cnsontay-gskd,linhtp1
wscp-cnthuongtin-gskd,trangntt32
wscp-cnxuanmai-gskd,thuannd
wscp-cnbacgiang-gskd,linhnt28
wscp-cnbacgiang-gskd,quyetnv4
wscp-cnbacninh-gskd,hanth4
wscp-cnbacninh-gskd,tuend
wscp-cnphutho-gskd,duongnt6
wscp-cnvinhphuc-gskd,tuanbv2
wscp-cnquangninh-gskd,ducbh
wscp-cnquangninh-gskd,ducpt3
wscp-cnhaiduong-gskd,thinhnm
wscp-cnhaiphong-gskd,quanbx
wscp-cnhaiphong-gskd,duongltt7
wscp-cnhanam-gskd,daodt
wscp-cnhungyen-gskd,kiennt9
wscp-cnthaibinh-gskd,cuongdm2
wscp-cnthaibinh-gskd,linhph
wscp-cnninhbinh-gskd,namnp5
wscp-cnnamdinh-gskd,tienhq2
wscp-cnnghean-gskd,songnt
wscp-cnnghean-gskd,namlv4
wscp-cnquangbinh-gskd,hientd
wscp-cnquangtri-gskd,chuonghk
wscp-cnhue-gskd,hunghd1
wscp-cndanang-gskd,loanptt2
wscp-cndanang-gskd,vydh
wscp-cnquangnam-gskd,dongdv1
wscp-cnquangnam-gskd,diemtx
wscp-cnquangngai-gskd,sondt1
wscp-cnquangngai-gskd,anhdn10
wscp-cnquangngai-gskd,haihtm
wscp-cnbinhdinh-gskd,thangn
wscp-cnphuyen-gskd,thaoptt6
wscp-cnkontum-gskd,tuanta9
wscp-cngialai-gskd,tammv
wscp-cndaklak-gskd,thongnt2
wscp-cndaknong-gskd,linhnv9
wscp-cnlamdong-gskd,quynhnt15
wscp-cnkhanhhoa-gskd,toannhl
wscp-cnkhanhhoa-gskd,huythx
wscp-cnbinhphuoc-gskd,hiennv
wscp-cntayninh-gskd,quanvnh
wscp-cnbinhduong-gskd,dungdt3
wscp-cnninhthuan-gskd,khanhnc1
wscp-cnbinhthuan-gskd,haunt2
wscp-cnvungtau-gskd,namnt12
wscp-cncuchi-gskd,namnp2
wscp-cnlongan-gskd,thanhnb1
wscp-cnangiang-gskd,lamh
wscp-cndongthap-gskd,phuchh
wscp-cndongthap-gskd,huyna
wscp-cntiengiang-gskd,vutpt
wscp-cntiengiang-gskd,toannt4
wscp-cnvinhlong-gskd,longbp
wscp-cnvinhlong-gskd,viettq5
wscp-cnbentre-gskd,thaohv
wscp-cnbentre-gskd,manhn
wscp-cncantho-gskd,tannd2
wscp-cntravinh-gskd,thaovv
wscp-cntravinh-gskd,tampdm
wscp-cnkiengiang-gskd,dongpt
wscp-cnkiengiang-gskd,phuongpv
wscp-cnkiengiang-gskd,phuongtv4
wscp-cnhaugiang-gskd,trinhltd
wscp-cnhaugiang-gskd,trinh
wscp-cnhaugiang-gskd,emts
wscp-cnhaugiang-gskd,khanhdc1
wscp-cnsoctrang-gskd,nhutnha
wscp-cnsoctrang-gskd,thanhnd7
wscp-cnsoctrang-gskd,khaihm
wscp-cnbaclieu-gskd,tuanlt5
wscp-cnbaclieu-gskd,ynv
wscp-cncamau-gskd,vandt5
wscp-cncamau-gskd,hoangnt8
wscp-cncamau-gskd,hoangnt8
